reason,vendor,desc,value,unit
no-match,abbate_tile,ABBATE TILE MARBLE,,
no-match,abbate_tile,CUSTOMER JC WELTON CONSTR INC,,
no-match,abbate_tile,SALESPERSON PHILIP MURRAY,,
summary-header,abbate_tile,DESCRIPTION,,
no-match,abbate_tile,FURNISH AND INSTALL NEW COUNTER TOPS SPLASHES FOR THE KITCHEN WET BAR LAUNDRY,,
no-match,abbate_tile,ALL SHOWER COMPONENTS SEATS JAMS CURBS ETC TO BE MEASURED INSTALLED BY THE,,
no-match,abbate_tile,TILE CONTRACTOR,,
summary-header,abbate_tile,KITCHEN PRICE FOR 3CM STONEQUARTZ WITH A 3CM EASED EDGE DETAIL ONE UMOUNT SINK,,
no-match,abbate_tile,LABOR TO TEMPLATE FABRICATE AND INSTALL THE ABOVE SAID TOPS SPLASHES,,
summary-header,abbate_tile,PRICE,,
desc-numeric-heavy,abbate_tile,360000,,
summary-header,abbate_tile,WET BAR PRICE FOR 3CM STONEQUARTZ WITH A 3CM EASED EDGE DETAIL ONE UMOUNT SINK,,
no-match,abbate_tile,LABOR TO TEMPLATE FABRICATE AND INSTALL THE ABOVE SAID TOPS SPLASHES,,
summary-header,abbate_tile,LAUNDRY RM PRICE FOR 3CM STONEQUARTZ WITH A 3CM EASED EDGE DETAIL ONE UMOUNT,,
no-match,abbate_tile,LABOR TO TEMPLATE FABRICATE AND INSTALL THE ABOVE SAID TOPS SPLASHES,,
desc-numeric-heavy,abbate_tile,110000,,
summary-header,abbate_tile,POWDER RM PRICE FOR 3CM STONEQUARTZ WITH A 3CM EASED EDGE DETAIL ONE UMOUNT,,
no-match,abbate_tile,LABOR TO TEMPLATE FABRICATE AND INSTALL THE ABOVE SAID TOPS SPLASHES,,
summary-header,abbate_tile,BATH 1 PRICE FOR 3CM STONEQUARTZ WITH A 3CM EASED EDGE DETAIL ONE UMOUNT SINK,,
summary-header,abbate_tile,CUTOUT AND 4 SPLASHES PRICE ALSO INCLUDES A SHOWER SEAT TOP,,
no-match,abbate_tile,LABOR TO TEMPLATE FABRICATE AND INSTALL THE ABOVE SAID TOPS SPLASHES,,
desc-numeric-heavy,abbate_tile,201000,,
summary-header,abbate_tile,BATH 2 TUB BATH PRICE FOR 3CM STONEQUARTZ WITH A 3CM EASED EDGE DETAIL ONE,,
summary-header,abbate_tile,UMOUNT SINK CUTOUT AND 4 SPLASHES PRICE ALSO INCLUDES THE TUB DECK WITH,,
no-match,abbate_tile,UMOUNT TUB CUTOUT,,
no-match,abbate_tile,LABOR TO TEMPLATE FABRICATE AND INSTALL THE ABOVE SAID TOPS SPLASHES,,
summary-header,abbate_tile,BATH 3 PRICE FOR 3CM STONEQUARTZ WITH A 3CM EASED EDGE DETAIL ONE UMOUNT SINK,,
no-match,abbate_tile,LABOR TO TEMPLATE FABRICATE AND INSTALL THE ABOVE SAID TOPS SPLASHES,,
desc-numeric-heavy,abbate_tile,225000,,
desc-numeric-heavy,abbate_tile,178500,,
summary-header,abbate_tile,BATH 4 PRICE FOR 3CM STONEQUARTZ WITH A 3CM EASED EDGE DETAIL ONE UMOUNT SINK,,
no-match,abbate_tile,LABOR TO TEMPLATE FABRICATE AND INSTALL THE ABOVE SAID TOPS SPLASHES,,
desc-numeric-heavy,abbate_tile,157000,,
summary-header,abbate_tile,FPLACE SURROUND HEARTH PRICE FOR 3CM LIMESTONE STONE TBD WITH A 3CM EASED,,
no-match,abbate_tile,EDGE DETAIL TO ALL EXPOSED EDGES,,
no-match,abbate_tile,LABOR TO TEMPLATE FABRICATE AND INSTALL THE ABOVE SAID TOPS SPLASHES,,
desc-numeric-heavy,abbate_tile,112500,,
desc-numeric-heavy,abbate_tile,1600000,,
desc-numeric-heavy,abbate_tile,300000,,
no-match,abbate_tile,COUNTER TEMPLATE,,
no-match,abbate_tile,,,
no-match,abbate_tile,,,
no-match,abbate_tile,,,
no-match,abbate_tile,ALL CABINETS MUST BE COMPLETELY INSTALLED AND SET ANY AND ALL SINKS AND COOKTOPS MUST BE AT JOB SIGHT DAY,,
no-match,abbate_tile,OF TEMPLATING,,
no-match,abbate_tile,CUSTOMER OR AUTHORIZED PERSON MUST BE PRESENT AT TEMPLATE TO APPROVE LAYOUT SEAMS AND ANY OTHER,,
no-match,abbate_tile,DETAILS OF JOB TEMPLATE VERIFICTION SHEET MUST BE SIGNED,,
no-match,abbate_tile,SEAMS WILL BE LOCATED IN NECESSARY INTERVALS BASED UPON SLAB SIZE ELEVATOR SIZE AND JOB ACCESSIBILITY,,
no-match,abbate_tile,INSTALLATION,,
no-match,abbate_tile,,,
no-match,abbate_tile,,,
no-match,abbate_tile,,,
no-match,abbate_tile,,,
no-match,abbate_tile,IF REMOVAL OF EXISTING COUNTER TOPS IS REQUIRED ANY EXISTING PLUMBING AND COOKTOPS NEED TO BE,,
no-match,abbate_tile,DISCONNECTED BEFOREHAND ABBATE TILE AND MARBLE IS NOT LICENSED OR CERTIFIED TO DO ANY PLUMBING OR,,
no-match,abbate_tile,ELECTRICAL WORK AND THEREFORE WILL BE THE RESPONSIBILITY OF CUSTOMER,,
no-match,abbate_tile,ALL APPLIANCES NEED TO BE AT JOB SITE FOR INSTALLATION THE SAME APPLIES TO ANY FAUCETS DROPIN SINKS SOAP,,
no-match,abbate_tile,DISPENSERS AND ANY OTHER FIXTURES,,
no-match,abbate_tile,ABBATE TILE AND MARBLE IS NOT RESPONSIBLE FOR DAMAGE TO ANY WALLS CABINETS APPLIANCES DRIVEWAYS ETC,,
no-match,abbate_tile,CUSTOMER OR AUTHORIZED PERSON MUST BE PRESENT DURING INSTALLATION CUSTOMER IS RESPONSIBLE FOR,,
no-match,abbate_tile,CHECKING AND SIGNING VERIFICATION SHEET AFTER INSTALLATION ABBATE TILE AND MARBLE IS NOT RESPONSIBLE FOR,,
no-match,abbate_tile,ANY INSTALLATION ISSUE THAT WAS NOT OBSERVED THE DAY OF INSTALLATION,,
no-match,abbate_tile,,,
no-match,abbate_tile,,,
no-match,abbate_tile,,,
no-match,abbate_tile,,,
no-match,abbate_tile,,,
no-match,abbate_tile,,,
no-match,abbate_tile,ALL PROJECTED DEADLINES MUST BE PRESENTED AT TIME OF DEPOSIT ABBATE TILE MARBLE WILL COMPLETE ALL WORK,,
no-match,abbate_tile,IN A TIMELY MANNER WHILE UPKEEPING OUR QUALITY OF WORK WE CANNOT CHANGE OUR COMPLETION TIME FRAMES,,
no-match,abbate_tile,DUE TO ANY CASCADE EFFECTS WE DO NOT GUARANTEE COMPLETION DATES FOR ANY WORK ALL INSTALLATION OF TILE,,
no-match,abbate_tile,OR COUNTER TOPS DIFFER DUE TO JOB PERAMETERS AND CHANGES MADE BY CONTRACTORS OR CUSTOMERS DURING,,
no-match,abbate_tile,CONSTRUCTION,,
no-match,abbate_tile,ALL MARBLE GRANITE QUARTZITE AND ANY OTHER NATURAL STONE ARE SUBJECT TO VARIATIONS IN COLOR SHADE,,
no-match,abbate_tile,MARKINGS AND TEXTURE ANY OR ALL MAY HAVE VOIDS PICKS AND MINERAL CONCENTRATION MARKS WITH NATURAL,,
no-match,abbate_tile,VEINING ABBATE CREATIVE TILE AND MARBLE IS NOT RESPONSIBLE FOR THESE VARIATIONS BEAUTY MARKS AND THEY,,
no-match,abbate_tile,CAN NOT BE COMPLETELY AVOIDED DURING FABRICATION,,
no-match,abbate_tile,ALLNATURAL STONE WILL BE SEALED AT INSTALLATION A NATURAL STONE CLEANER IS RECOMMENDED FOR CLEANING,,
no-match,abbate_tile,AND CAN BE PURCHASED FROM ABBATE TILE AND MARBLE,,
no-match,abbate_tile,ETCHING IS NOT A STAIN AND IS UNAVOIDABLE ON NATURAL STONE,,
summary-header,abbate_tile,ESPECIALLY IF PRICE WAS GIVEN BASED ON DRAWINGS AND OR MEASUREMENTS SUPPLIED BY CUSTOMER ABBATE TILE,,
non-scope-keyword,abbate_tile,FREIGHT,,
summary-header,abbate_tile,TOTAL,,
no-match,abbate_tile,DEPOSIT,,
summary-header,abbate_tile,BALANCE,,
desc-numeric-heavy,abbate_tile,3394000,,
desc-numeric-heavy,abbate_tile,1697000,,
desc-numeric-heavy,abbate_tile,1697000,,
no-match,abbate_tile,SIGNATURE PRINT NAME DATE,,
no-match,abbate_tile,CUSTOMER OR AUTHORIZED PERSON MUST BE PRESENT DURING TEMPLATE AND INSTALLATION DEPOSIT PAYMENTS CONSTITTUE AGREEMENT,,
no-match,citrus_roofing,Built on Honesty Crafted with Integrity Always defined by Quality,,
no-match,citrus_roofing,Citrus Roofing and Construction LLC CRC,,
gt-max-1000000.0,citrus_roofing,ROOFING LICENSE CCC1332577,,
no-match,citrus_roofing,Customer Lynn Residence,,
no-match,citrus_roofing,Dry in Process,,
non-scope-keyword,citrus_roofing,2 Home assumes Permit Expenses to be by Contractor,,
no-match,citrus_roofing,Underlayment Notes,,
no-match,citrus_roofing,All Roof vents terminations will need to be installed before Dry In If pipes are added or any penetrations cut through the,,
no-match,citrus_roofing,•,,
no-match,citrus_roofing,ensure watertight membrane This will be billed at time and material to Contractor,,
no-match,citrus_roofing,•,,
no-match,citrus_roofing,Flat Roof Notes,,
no-match,citrus_roofing,•,,
no-match,citrus_roofing,home and toward Scuppers,,
no-match,citrus_roofing,•,,
no-match,citrus_roofing,•,,
no-match,citrus_roofing,•,,
no-match,citrus_roofing,•,,
no-match,citrus_roofing,Reglet to be installed prior to any Stucco work,,
no-match,citrus_roofing,Copper Scuppers laid on top of moldable lead flashing to be provided and installed at time of flat roof installation,,
no-match,citrus_roofing,Flashing and Tile Installation Process,,
no-match,citrus_roofing,Drip Edge Birdstop Valley Sidewall Flashing Headwall Flashing Stucco Stop etc,,
no-match,citrus_roofing,Flashing Notes,,
non-scope-keyword,citrus_roofing,Drip Edge to cover the same amount of the fascia as previous drip edge to avoid need to paint fascia,,
no-match,citrus_roofing,that gets below the tile to exit without ponding This trim ensures a clean finish at the eave of the home,,
no-match,citrus_roofing,Stucco to be removed at all wall connections and Flashings to be properly installed behind Stucco,,
non-scope-keyword,citrus_roofing,8 All Cosmetic Caulking to use Titebond Sealant Bronze color to match the copper after patina has taken place,,
no-match,citrus_roofing,underlayment and watertightness,,
no-match,citrus_roofing,If a satellite is mounted on the roof the satellite will have to be realigned at owner expense,,
no-match,citrus_roofing,CRC will not be responsible for damage to existing gutters,,
non-scope-keyword,citrus_roofing,CRC WILL FURNISH ALL INSURANCE TO MEET LOCAL STATE REQUIRMENTS,,
non-scope-keyword,citrus_roofing,CRC WILL FURNISH THE PROPER BUILDING PERMITS,,
non-scope-keyword,citrus_roofing,Owner is responsible for any Architectural Review Committee HOA Approvals,,
no-match,citrus_roofing,We hereby propose to furnish labor and materialscomplete in accordance with the above specification for the sum of,,
no-match,citrus_roofing,ONE HUNDRED SEVENTEEN THOUSAND SEVEN HUNDRED SIXTY DOLLARS,,
desc-numeric-heavy,citrus_roofing,11776000,,
parse-failed,citrus_roofing,1 15 NON REFUNDABLE DEPOSIT 17664,,
parse-failed,citrus_roofing,2 50 AT COMPLETION OF DRY IN 5888000,,
summary-header,citrus_roofing,3 35 BALANCE UPON COMPLETION OF JOB 41216000,,
no-match,citrus_roofing,IF A CREDIT CARD IS USED FOR PAYMENT THERE WILL BE AN ADDITIONALCONVIENENCE CHARGE,,
no-match,citrus_roofing,Citrus Roofing and Construction LLC to be known as CRC,,
no-match,citrus_roofing,During the above work there will possibly be some vibration CRC will not be responsible for articles that may fall off walls or shelves due to the,,
non-scope-keyword,citrus_roofing,vibration Please take proper precautions to prevent this If pool cage or aluminum roof has to be removed for any reason it will be at owners expense,,
no-match,citrus_roofing,to remove and replace If soffit fascia or gutter has to be removed for any reason CRC will be as careful as possible to save and reuse item If they,,
no-match,citrus_roofing,are not reusable a new item may not match in color or style There will also be an additional charge to the owner All material is guaranteed to be as,,
non-scope-keyword,citrus_roofing,specified All work to be completed in a workmanlike manner according to standard practices Any alteration or deviation from above specifications,,
no-match,citrus_roofing,involving extra costs will be executed only upon written orders and will become an extra charge over and above the estimate All agreements,,
non-scope-keyword,citrus_roofing,prevailing party in such litigation shall be entitled to recover from the nonprevailing party reasonable attorneys fees costs and expenses,,
no-match,citrus_roofing,CRC Representative,,
no-match,citrus_roofing,Print,,
no-match,citrus_roofing,CRC Representative,,
no-match,citrus_roofing,Sign,,
no-match,citrus_roofing,Payment will be made as outlined above,,
no-match,citrus_roofing,BELOW TO BE FILLED OUT BY CUSTOMER,,
summary-header,citrus_roofing,DETAILS ABOVE ACCEPTED WITH A TOTAL PRICE INCLUDING UPGRADES OF,,
no-match,citrus_roofing,PRINTED NAME,,
no-match,citrus_roofing,SIGNATURE,,
no-match,citrus_roofing,PRINTED NAME,,
no-match,citrus_roofing,SIGNATURE,,
no-match,citrus_roofing,MUST RETURN AN ORIGINAL COPY TO FILE FOR NOTICE OF COMMENCEMENT,,
no-match,rock_concrete,Projects JC Welton projectsjcweltoncom,,
no-match,rock_concrete,John Cowger johndccfycom,,
no-match,rock_concrete,To Projects JC Welton projectsjcweltoncom,,
no-match,rock_concrete,Good morning Emily,,
no-match,rock_concrete,The detail on this is beautiful however making the mold will take a bit of effort and time,,
no-match,rock_concrete,It would line up better than this company shows,,
no-match,rock_concrete,Hope it helps for comparison,,
no-match,rock_concrete,LMK if any questions,,
no-match,rock_concrete,Contacting Regan today to see if ok to take a look at the issue,,
no-match,rock_concrete,John Cowger,,
desc-numeric-heavy,rock_concrete,7725840061,,
no-match,rock_concrete,any wires without first confirming their accuracy in person or over the telephone Please be mindful of scams and emails related to,,
non-scope-keyword,rock_concrete,alternate wiring instructions,,
no-match,rock_concrete,We can certainly make this let me get a little bit more time looking at it figuring out how long its gonna take to make the,,
no-match,rock_concrete,mold,,
summary-header,rock_concrete,And I can shoot you a price,,
no-match,rock_concrete,John Cowger,,
no-match,rock_concrete,Designer Concrete,,
desc-numeric-heavy,rock_concrete,7725840061,,
no-match,rock_concrete,Good Morning John,,
no-match,rock_concrete,this,,
no-match,rock_concrete,Thank You,,
no-match,rock_concrete,Emily Jalava,,
no-match,rock_concrete,Project Coordinator,,
no-match,rock_concrete,JC Welton Construction Inc,,
desc-numeric-heavy,rock_concrete,7723888882,,
no-match,rock_concrete,Projectsjcweltoncom,,
no-match,rock_concrete,Forwarded message,,
no-match,rock_concrete,From Byron Lynn byronbyronlynncom,,
no-match,rock_concrete,To JC Welton jcweltonjcweltoncom,,
no-match,rock_concrete,Cc Projects JC Welton projectsjcweltoncom,,
no-match,rock_concrete,Hi Jack,,
no-match,rock_concrete,Here is the fireplace mantelsurround wed like to use Im sure it is expensive so if your concrete guy is,,
no-match,rock_concrete,confident he could replicate the form and finish Id be interested to see his estimate,,
no-match,rock_concrete,We are still batting around the wall materialfinish for the living room Wondering if you have a guy that does,,
no-match,rock_concrete,decent venetianlime plaster walls similar to the attached photo Also considering wallpaper wainscoting or,,
no-match,rock_concrete,wallboard,,
no-match,rock_concrete,Best,,
no-match,rock_concrete,Byron,,
no-match,rock_concrete,--,,
no-match,rock_concrete,Byron Lynn RA,,
no-match,rock_concrete,Principal,,
no-match,rock_concrete,BYRON LYNN ARCHITECT,,
parse-failed,rock_concrete,7812344348 byronbyronlynncom,,
no-match,rock_concrete,lime plaster wallsjpeg,,
no-match,final_touch_cabinets,The Final Touch Cabinets,,
desc-numeric-heavy,final_touch_cabinets,7727782120,,
non-scope-keyword,final_touch_cabinets,amberfinaltouchverocom,,
no-match,final_touch_cabinets,Estimate,,
no-match,final_touch_cabinets,BYRON LYNN,,
no-match,final_touch_cabinets,SHIP TO,,
no-match,final_touch_cabinets,BYRON LYNN,,
no-match,final_touch_cabinets,ESTIMATE,,
gt-max-1000000.0,final_touch_cabinets,Est 11113202,,
desc-numeric-heavy,final_touch_cabinets,10082025,,
summary-header,final_touch_cabinets,DESCRIPTION,,
no-match,final_touch_cabinets,QTY,,
no-match,final_touch_cabinets,RATE,,
summary-header,final_touch_cabinets,AMOUNT,,
no-match,final_touch_cabinets,FL Cabinets with,,
no-match,final_touch_cabinets,Install,,
no-match,final_touch_cabinets,KITCHEN PERIMETER,,
no-match,final_touch_cabinets,SUPPLY AND INSTALL SCHLABACH CABINETRY PER,,
no-match,final_touch_cabinets,PROPOSED LAYOUT SEE DRAWING FOR MORE DETAILS,,
desc-numeric-heavy,final_touch_cabinets,5878300,,
desc-numeric-heavy,final_touch_cabinets,5878300,,
no-match,final_touch_cabinets,DOOR STYLE FLORENCE SKINNY SHAKER,,
no-match,final_touch_cabinets,DRAWER STYLE MATCHING,,
no-match,final_touch_cabinets,FINISH PAINT TBD ON MAPLE,,
no-match,final_touch_cabinets,CONSTRUCTION ELITE PLAIN INSET PLYWOOD CABINET,,
no-match,final_touch_cabinets,BOXES DOVETAILED DRAWERS WITH FULL EXTENSION SOFT,,
no-match,final_touch_cabinets,CLOSE GUIDES AND HINGES,,
non-scope-keyword,final_touch_cabinets,HARDWARE TOPKNOBS STANDARD ALLOWANCE INCLUDED,,
no-match,final_touch_cabinets,FL Cabinets with,,
no-match,final_touch_cabinets,Install,,
no-match,final_touch_cabinets,KITCHEN ISLAND,,
no-match,final_touch_cabinets,SUPPLY AND INSTALL SCHLABACH CABINETRY PER,,
no-match,final_touch_cabinets,PROPOSED LAYOUT SEE DRAWING FOR MORE DETAILS,,
desc-numeric-heavy,final_touch_cabinets,1473000,,
desc-numeric-heavy,final_touch_cabinets,1473000,,
no-match,final_touch_cabinets,DOOR STYLE SLAB DOOR W SAW KERFS,,
no-match,final_touch_cabinets,DRAWER STYLE MATCHING,,
no-match,final_touch_cabinets,FINISH MATTE STAIN TBD ON PLAIN SAWN WHITE OAK,,
no-match,final_touch_cabinets,CONSTRUCTION FRSENO FRAMELESS PLYWOOD CABINET,,
no-match,final_touch_cabinets,BOXES DOVETAILED DRAWERS WITH FULL EXTENSION SOFT,,
no-match,final_touch_cabinets,CLOSE GUIDES AND HINGES,,
non-scope-keyword,final_touch_cabinets,HARDWARE TOPKNOBS STANDARD ALLOWANCE INCLUDED,,
no-match,final_touch_cabinets,FL Cabinets with,,
no-match,final_touch_cabinets,Install,,
no-match,final_touch_cabinets,WET BAR,,
no-match,final_touch_cabinets,SUPPLY AND INSTALL SCHLABACH CABINETRY PER,,
no-match,final_touch_cabinets,PROPOSED LAYOUT SEE DRAWING FOR MORE DETAILS,,
desc-numeric-heavy,final_touch_cabinets,394900,,
desc-numeric-heavy,final_touch_cabinets,394900,,
no-match,final_touch_cabinets,DOOR STYLE FLORENCE SKINNY SHAKER,,
no-match,final_touch_cabinets,DRAWER STYLE MATCHING,,
no-match,final_touch_cabinets,FINISH PAINT TBD ON MAPLE,,
no-match,final_touch_cabinets,CONSTRUCTION FRESNO FRAMELESS PLYWOOD CABINET,,
no-match,final_touch_cabinets,BOXES DOVETAILED DRAWERS WITH FULL EXTENSION SOFT,,
no-match,final_touch_cabinets,CLOSE GUIDES AND HINGES,,
non-scope-keyword,final_touch_cabinets,HARDWARE TOPKNOBS STANDARD ALLOWANCE INCLUDED,,
no-match,final_touch_cabinets,FL Cabinets with,,
no-match,final_touch_cabinets,Install,,
no-match,final_touch_cabinets,LAUNDRY,,
no-match,final_touch_cabinets,SUPPLY AND INSTALL SCHLABACH CABINETRY PER,,
no-match,final_touch_cabinets,PROPOSED LAYOUT SEE DRAWING FOR MORE DETAILS,,
desc-numeric-heavy,final_touch_cabinets,553600,,
desc-numeric-heavy,final_touch_cabinets,553600,,
no-match,final_touch_cabinets,DOOR STYLE FLORENCE SKINNY SHAKER,,
no-match,final_touch_cabinets,DRAWER STYLE MATCHING,,
no-match,final_touch_cabinets,FINISH PAINT TBD ON MAPLE,,
no-match,final_touch_cabinets,CONSTRUCTION FRESNO FRAMELESS PLYWOOD CABINET,,
no-match,final_touch_cabinets,BOXES DOVETAILED DRAWERS WITH FULL EXTENSION SOFT,,
no-match,final_touch_cabinets,CLOSE GUIDES AND HINGES,,
non-scope-keyword,final_touch_cabinets,HARDWARE TOPKNOBS STANDARD ALLOWANCE INCLUDED,,
no-match,final_touch_cabinets,FL Cabinets with,,
no-match,final_touch_cabinets,Install,,
no-match,final_touch_cabinets,MUD ROOM,,
no-match,final_touch_cabinets,SUPPLY AND INSTALL SCHLABACH CABINETRY PER,,
no-match,final_touch_cabinets,PROPOSED LAYOUT SEE DRAWING FOR MORE DETAILS,,
desc-numeric-heavy,final_touch_cabinets,857200,,
desc-numeric-heavy,final_touch_cabinets,857200,,
no-match,final_touch_cabinets,DOOR STYLE BOSTON SHAKER,,
no-match,final_touch_cabinets,DRAWER STYLE MATCHING,,
no-match,final_touch_cabinets,FINISH PAINT TBD ON MAPLE,,
no-match,final_touch_cabinets,CONSTRUCTION FRESNO FRAMELESS PLYWOOD CABINET,,
no-match,final_touch_cabinets,BOXES DOVETAILED DRAWERS WITH FULL EXTENSION SOFT,,
no-match,final_touch_cabinets,CLOSE GUIDES AND HINGES,,
non-scope-keyword,final_touch_cabinets,HARDWARE TOPKNOBS STANDARD ALLOWANCE INCLUDED,,
no-match,final_touch_cabinets,FL Cabinets with,,
no-match,final_touch_cabinets,Install,,
no-match,final_touch_cabinets,SUPPLY AND INSTALL SCHLABACH CABINETRY PER,,
no-match,final_touch_cabinets,PROPOSED LAYOUT SEE DRAWING FOR MORE DETAILS,,
desc-numeric-heavy,final_touch_cabinets,682900,,
desc-numeric-heavy,final_touch_cabinets,682900,,
no-match,final_touch_cabinets,DOOR STYLE FLORENCE SKINNY SHAKER,,
no-match,final_touch_cabinets,DRAWER STYLE MATCHING,,
no-match,final_touch_cabinets,FINISH PAINT TBD ON MAPLE,,
no-match,final_touch_cabinets,CONSTRUCTION FRESNO FRAMELESS PLYWOOD CABINET,,
no-match,final_touch_cabinets,BOXES DOVETAILED DRAWERS WITH FULL EXTENSION SOFT,,
no-match,final_touch_cabinets,CLOSE GUIDES AND HINGES,,
non-scope-keyword,final_touch_cabinets,HARDWARE TOPKNOBS STANDARD ALLOWANCE INCLUDED,,
no-match,final_touch_cabinets,FL Cabinets with,,
no-match,final_touch_cabinets,Install,,
no-match,final_touch_cabinets,SUPPLY AND INSTALL SCHLABACH CABINETRY PER,,
no-match,final_touch_cabinets,PROPOSED LAYOUT SEE DRAWING FOR MORE DETAILS,,
desc-numeric-heavy,final_touch_cabinets,308800,,
desc-numeric-heavy,final_touch_cabinets,308800,,
no-match,final_touch_cabinets,DOOR STYLE FLORENCE SKINNY SHAKER,,
no-match,final_touch_cabinets,DRAWER STYLE MATCHING,,
no-match,final_touch_cabinets,FINISH PAINT TBD ON MAPLE,,
no-match,final_touch_cabinets,CONSTRUCTION FRESNO FRAMELESS PLYWOOD CABINET,,
no-match,final_touch_cabinets,BOXES DOVETAILED DRAWERS WITH FULL EXTENSION SOFT,,
no-match,final_touch_cabinets,CLOSE GUIDES AND HINGES,,
non-scope-keyword,final_touch_cabinets,HARDWARE TOPKNOBS STANDARD ALLOWANCE INCLUDED,,
no-match,final_touch_cabinets,FL Cabinets with,,
no-match,final_touch_cabinets,Install,,
no-match,final_touch_cabinets,SUPPLY AND INSTALL SCHLABACH CABINETRY PER,,
no-match,final_touch_cabinets,PROPOSED LAYOUT SEE DRAWING FOR MORE DETAILS,,
desc-numeric-heavy,final_touch_cabinets,417700,,
desc-numeric-heavy,final_touch_cabinets,417700,,
no-match,final_touch_cabinets,DOOR STYLE FLORENCE SKINNY SHAKER,,
no-match,final_touch_cabinets,DRAWER STYLE MATCHING,,
no-match,final_touch_cabinets,FINISH PAINT TBD ON MAPLE,,
no-match,final_touch_cabinets,CONSTRUCTION FRESNO FRAMELESS PLYWOOD CABINET,,
no-match,final_touch_cabinets,BOXES DOVETAILED DRAWERS WITH FULL EXTENSION SOFT,,
no-match,final_touch_cabinets,CLOSE GUIDES AND HINGES,,
non-scope-keyword,final_touch_cabinets,HARDWARE TOPKNOBS STANDARD ALLOWANCE INCLUDED,,
no-match,final_touch_cabinets,FL Cabinets with,,
no-match,final_touch_cabinets,Install,,
no-match,final_touch_cabinets,SUPPLY AND INSTALL SCHLABACH CABINETRY PER,,
no-match,final_touch_cabinets,PROPOSED LAYOUT SEE DRAWING FOR MORE DETAILS,,
desc-numeric-heavy,final_touch_cabinets,187800,,
desc-numeric-heavy,final_touch_cabinets,187800,,
no-match,final_touch_cabinets,DOOR STYLE FLORENCE SKINNY SHAKER,,
no-match,final_touch_cabinets,DRAWER STYLE MATCHING,,
no-match,final_touch_cabinets,FINISH PAINT TBD ON MAPLE,,
no-match,final_touch_cabinets,CONSTRUCTION FRESNO FRAMELESS PLYWOOD CABINET,,
no-match,final_touch_cabinets,BOXES DOVETAILED DRAWERS WITH FULL EXTENSION SOFT,,
no-match,final_touch_cabinets,CLOSE GUIDES AND HINGES,,
non-scope-keyword,final_touch_cabinets,HARDWARE TOPKNOBS STANDARD ALLOWANCE INCLUDED,,
parse-failed,final_touch_cabinets,NOTE LEAD TIME IS 1012 WEEKS AND SUBJECT TO CHANGE,,
no-match,final_touch_cabinets,SPECIFICATIONS DOOR STYLE AND FINISH SELECTIONS FINAL,,
no-match,final_touch_cabinets,FIELD MEASURE AND DESIGN APPROVAL,,
no-match,final_touch_cabinets,INSTALLATION DOES NOT INCLUDE ANY TEAROUT,,
no-match,final_touch_cabinets,ELECTRICAL PLUMBING DRYWALL OR PAINTING THAT MAY BE,,
no-match,final_touch_cabinets,REQUIRED UNLESS SPECIFIED,,
non-scope-keyword,final_touch_cabinets,SALES TAX IS INCLUDED,,
non-scope-keyword,final_touch_cabinets,50 DEPOSIT DUE TO ORDER 50 UPON DELIVERY,,
no-match,final_touch_cabinets,AC STORAGE TO BE PROVIDED BY OWNER,,
no-match,final_touch_cabinets,OF ESTIMATE,,
non-scope-keyword,final_touch_cabinets,Admin Fee,,
non-scope-keyword,final_touch_cabinets,3 Administration Fee for all non ACHCheck payments,,
no-match,final_touch_cabinets,Due to current tariff fluctuations out of our control the,,
summary-header,final_touch_cabinets,SUBTOTAL,,
non-scope-keyword,final_touch_cabinets,TAX,,
summary-header,final_touch_cabinets,TOTAL,,
desc-numeric-heavy,final_touch_cabinets,10754200,,
desc-numeric-heavy,final_touch_cabinets,10754200,,
no-match,final_touch_cabinets,Accepted By,,
no-match,gale_insulation,GALE INSULATION,,
no-match,gale_insulation,WORK AGREEMENT,,
gt-max-1000000.0,gale_insulation,License CGC1512179,,
no-match,gale_insulation,CUSTOMERBUILDER,,
no-match,gale_insulation,JC WELTON CONSTRUCTION,,
desc-numeric-heavy,gale_insulation,772 3888882,,
no-match,gale_insulation,Base,,
no-match,gale_insulation,Work Area,,
no-match,gale_insulation,Ceiling,,
no-match,gale_insulation,JOB SITE INFORMATION,,
no-match,gale_insulation,Lynn Residence,,
no-match,gale_insulation,TRADE INSULATION,,
no-match,gale_insulation,SALES PERSON Smith Rebecca,,
no-match,gale_insulation,Item,,
no-match,gale_insulation,Garage Ceiling Area,,
no-match,gale_insulation,KneeWall,,
no-match,gale_insulation,Gable Walls,,
no-match,gale_insulation,Exterior Masonry Walls,,
summary-header,gale_insulation,BASE TOTAL,,
desc-numeric-heavy,gale_insulation,1816300,,
summary-header,gale_insulation,OPTIONS Initial the sections that you would like added andor reduced from base total,,
gt-max-1000000.0,gale_insulation,checkOption13939426,,
no-match,gale_insulation,OPTION INTERIOR PARTITIONS MINERAL WOOL,,
no-match,gale_insulation,Work Area,,
no-match,gale_insulation,Interior Partitions,,
no-match,gale_insulation,Item,,
gt-max-1000000.0,gale_insulation,checkOption13939427,,
no-match,gale_insulation,Initial,,
gt-max-1000000.0,gale_insulation,opInitial13939426,,
summary-header,gale_insulation,TOTAL for option,,
desc-numeric-heavy,gale_insulation,715300,,
no-match,gale_insulation,IGNITION BARRIER COATING OVER FOAM,,
no-match,gale_insulation,Work Area,,
no-match,gale_insulation,Attic,,
no-match,gale_insulation,Attic,,
no-match,gale_insulation,Item,,
no-match,gale_insulation,INS IB INSULATION IGNITION BARRIER,,
no-match,gale_insulation,NOBURN PLUS XD FIRE RETARDANT COATING,,
no-match,gale_insulation,Initial,,
gt-max-1000000.0,gale_insulation,opInitial13939427,,
summary-header,gale_insulation,TOTAL for option,,
desc-numeric-heavy,gale_insulation,460100,,
summary-header,gale_insulation,Please be advised that Contractors prices are subject to change commensurate with increased costs resulting from changes in,,
no-match,gale_insulation,tariffs duties or trade regulations,,
no-match,gale_insulation,NOTE This agreement consists of multiple pages If you do not receive the number of pages noted below please contact,,
no-match,gale_insulation,Contractor directly at the telephone number stated above,,
no-match,gale_insulation,not included within Contractors Work unless specifically listed above,,
no-match,gale_insulation,wwwtruteambillpaycom to manage your invoices and make payments online with TruTeam Bill Pay,,
non-scope-keyword,gale_insulation,limitation any obligation by Contractor to name you or any thirdparty as an additional insured on its insurance policy to provide per project aggregate insurance,,
non-scope-keyword,gale_insulation,coverage for the Work to participate in any owner controlled wrap or similar insurance program to indemnify or defend you or any thirdparty from any claims,,
no-match,gale_insulation,THE INFORMATION CONTAINED IN THIS AGREEMENT IS CONFIDENTIAL NEITHER THIS AGREEMENT,,
summary-header,gale_insulation,in addition to or different from those contained herein which are not separately agreed to in writing except additional provisions specifying quantity description of the products,,
summary-header,gale_insulation,Contractor could not limit its liability as herein provided and that you accept these provisions in exchange for such lower prices,,
non-scope-keyword,gale_insulation,accident misuse abuse neglect or normal wear and tear b failure to use or maintain the product in accordance with manufacturers instructions and c alteration repair or,,
no-match,gale_insulation,attempted repair by anyone other than Contractor or its authorized representative You shall be solely responsible for the correctness of the plans and specifications and shall,,
no-match,gale_insulation,release and hold harmless Contractor from any damages resulting from improper inadequate or vague information supplied by you Contractor does not take on any obligation,,
non-scope-keyword,gale_insulation,3 INSURANCE Contractor shall maintain workers compensation employer liability as required by law and 1000000 in general liability insurance while performing the,,
no-match,gale_insulation,work Contractor reserves the right to be self insured to the extent allowed by applicable law Contractor does not agree to name any other persons or entities as additional,,
no-match,gale_insulation,insureds,,
no-match,gale_insulation,Work will be limited to the repair or replacement by Contractor at Contractors option of any nonconforming work or to the issuance of a credit for such nonconforming work,,
no-match,gale_insulation,remedy shall not be deemed to have failed of its essential purpose so long as Contractor is willing and able to repair or replace the nonconforming work and in any event,,
summary-header,gale_insulation,Contractors maximum liability for any damages shall be limited to the total amount paid to Contractor for the Work under this agreement This Limitation of Remedies clause,,
no-match,gale_insulation,shall apply to the parties to this agreement as well as to the current owners of the project and its their respective successors and assigns If you receive a claim for damages by,,
no-match,gale_insulation,any owner arising out of or alleged to have arisen out of the Work you agree to give written notice to Contractor of the claim and provide Contractor an opportunity to inspect,,
no-match,gale_insulation,complete bar to any action in violation of this clause,,
non-scope-keyword,gale_insulation,LOSS DAMAGE OR INJURY RESULTING FROM DELAY IN DELIVERY OF THE PRODUCTS OR FOR ANY FAILURE TO PERFORM THAT IS DUE TO,,
no-match,gale_insulation,CIRCUMSTANCES BEYOND ITS CONTROL CONTRACTOR DISCLAIMS ALL LIABILITY FOR ANY AND ALL DAMAGE WHICH MIGHT BE SUSTAINED BY,,
no-match,gale_insulation,ANY PERSON WHO MAY BE ALLERGIC TO OR AFFECTED BY THE EMANATION OF PARTICLES FROM CERTAIN TYPES OF INSULATION THE,,
no-match,gale_insulation,NEGLIGENCE STRICT LIABILITY OR OTHER TORT WITH RESPECT TO THE PRODUCTS OR ANY SERVICES IN CONNECTION WITH THE PRODUCTS IS,,
non-scope-keyword,gale_insulation,CONSEQUENTIAL LIQUIDATED OR SPECIAL DAMAGES INCLUDING WITHOUT LIMITATION LOST REVENUES AND PROFITS ATTORNEYS FEES,,
no-match,gale_insulation,ANDOR COSTS EVEN IF IT HAS BEEN ADVISED OF THE POSSIBILITY OF SUCH DAMAGES THE RIGHT TO RECOVER DAMAGES WITHIN THE,,
no-match,gale_insulation,LIMITATIONS SPECIFIED IS YOUR EXCLUSIVE REMEDY IN THE EVENT THAT ANY OTHER CONTRACTUAL REMEDY FAILS OF ITS ESSENTIAL,,
no-match,gale_insulation,PURPOSE,,
non-scope-keyword,gale_insulation,specified you agree to pay any federal state or local excise use occupational or similar tax now in force or to be enacted in the future assessed against Contractor or you by,,
non-scope-keyword,gale_insulation,reason of this transaction No retention is permitted unless Contractor agrees otherwise in writing Any past due payment will be at Contractors option subject to interest at,,
non-scope-keyword,gale_insulation,15 per month 18 per annum to the extent permitted by law You agree to receive or permit Contractor to receive near the work site any materials needed to complete the,,
no-match,gale_insulation,Work You agree to protect such materials from damage or loss and provide Contractor free of charge with reasonable use of light heat water power storage space and use of,,
no-match,gale_insulation,available elevators and hoists as needed Title to all materials under this agreement shall not transfer to you until Contractor receives payment in full Contractor may charge you,,
non-scope-keyword,gale_insulation,occurrence of any contingency beyond the control either of Contractor or of suppliers to the Contractor Such contingencies include but are not limited to failure or delay in,,
no-match,gale_insulation,transportation acts of any government or any agency or subdivision thereof judicial action labor disputes fire accident acts of nature severe weather product allocation or,,
no-match,gale_insulation,shortages labor shortages fuel shortages raw material shortages machinery or technical failure or work that cannot be completed because of another contractor covering the,,
non-scope-keyword,gale_insulation,pertinent portion of the building If any contingency occurs Contractor may allocate production deliveries and performance of work among its customers or substitute,,
no-match,gale_insulation,substantially similar materials in its sole discretion without liability for doing so,,
no-match,gale_insulation,information as confidential and not use or disclose it to any third party without Contractors written consent,,
non-scope-keyword,gale_insulation,9 CREDIT APPROVAL Shipment and delivery of goods and performance of work shall at all times be subject to the approval of Contractors credit department and,,
no-match,gale_insulation,to Contractor By signing this agreement you authorize Contractor to check your credit and references,,
non-scope-keyword,gale_insulation,readily resold or used for other or similar purposes d a restocking fee and e any expenses incurred by Contractor including legal fees and judgments as a result of the,,
no-match,gale_insulation,cancellation of subcontracts or purchases related to this agreement,,
no-match,gale_insulation,written notice of termination only if Contractor has received a written notice from you specifying such default the default is not excusable under any provision hereof and the,,
parse-failed,gale_insulation,default has not been remedied within thirty 30 days or such longer period as may be reasonable under the circumstances after Contractors receipt of the notice of default,,
non-scope-keyword,gale_insulation,Delivery of nonconforming products or work by Contractor shall give you the rights set forth in paragraph 4 hereof but shall not be deemed a default for purposes of,,
no-match,gale_insulation,termination A default on Contractors part shall not subject Contractor to liability through payment by Contractor set off or otherwise for any other damages whether direct,,
non-scope-keyword,gale_insulation,14 DISPUTES AND MANDATORY MEDIATION In the event that a dispute arises over the reasonableness of or entitlement to fees charged by Contractor the,,
non-scope-keyword,gale_insulation,prevailing party will be entitled to reasonable attorneys fees and costs In all other disputes of any nature each party shall pay its own fees and costs Except as required to,,
non-scope-keyword,gale_insulation,protect confidential information and to obtain preliminary injunctive relief to prevent irreparable harm you and the Contractor agree that prior to the initiation of any legal,,
no-match,gale_insulation,action the parties will engage in facilitative mediation of any and all disputes in any way related to this agreement If the parties cannot agree upon a facilitative mediator within,,
non-scope-keyword,gale_insulation,fees of the facilitative mediator and costs of the mediation,,
non-scope-keyword,gale_insulation,15 INSULATION DOES NOT PREVENT FROZEN PIPES Insulating around water lines in an unconditioned or semiconditioned area will not prevent pipes from,,
no-match,gale_insulation,freezing or accumulating condensation To decrease the possibility of frozen pipes locate any water pipes within a conditioned area such as internal walls rather than external,,
no-match,gale_insulation,walls If You do not locate the pipes within an internal wall you hold Contractor harmless and release Contractor from any claims relating to frozen or burst pipes,,
non-scope-keyword,gale_insulation,16 SEVERABILITY If any provision on this agreement is not enforceable that provision shall be effective only to the extent permitted by law and all other provisions of this,,
no-match,gale_insulation,agreement shall remain,,
no-match,gale_insulation,negligent acts or omissions This indemnity clause and the obligations created herein shall control and take priority over any contrary indemnity agreement entered into prior to,,
no-match,gale_insulation,this agreement Furthermore this indemnity clause and the obligations created herein shall control and take priority over any contrary indemnity agreement entered into,,
no-match,gale_insulation,subsequent to this agreement unless the subsequent agreement specifically refers to this indemnity clause and declares it null and void,,
no-match,gale_insulation,GALE INSULATION,,
no-match,gale_insulation,ADDENDUM,,
gt-max-1000000.0,gale_insulation,License CGC1512179,,
no-match,gale_insulation,CUSTOMERBUILDER,,
no-match,gale_insulation,JC WELTON CONSTRUCTION,,
desc-numeric-heavy,gale_insulation,772 3888882,,
no-match,gale_insulation,JOB SITE INFORMATION,,
no-match,gale_insulation,Lynn Residence,,
no-match,gale_insulation,TRADE INSULATION,,
no-match,gale_insulation,SALES PERSON Smith Rebecca,,
no-match,gale_insulation,Gale Insulation Contractor and Customer each agree to amend the agreement Agreement for the Project specified,,
no-match,gale_insulation,above as follows,,
no-match,gale_insulation,CUSTOMER,,
no-match,gale_insulation,CONTRACTOR,,
no-match,gale_insulation,By customerSignature,,
no-match,gale_insulation,By contractorSignature,,
no-match,gator_supply,BUILDING SUPPLY ESTIMATE,,
parse-failed,gator_supply,P 772 5898976,,
parse-failed,gator_supply,F 772 5899642,,
no-match,gator_supply,CUSTOMER,,
no-match,gator_supply,QTY,,
no-match,gator_supply,DIM,,
summary-header,gator_supply,DESCRIPTION,,
summary-header,gator_supply,UNIT PRICE,,
summary-header,gator_supply,AMOUNT,,
no-match,gator_supply,JC Welton Lynn Residence,,
no-match,gator_supply,ESTIMATE PO,,
desc-numeric-heavy,gator_supply,1162025,,
no-match,gator_supply,CITYSTATEZIP,,
no-match,gator_supply,SALESPERSON,,
no-match,gator_supply,Will Craft,,
no-match,gator_supply,PROJECT,,
no-match,gator_supply,New Build,,
no-match,gator_supply,PREPARED BY,,
no-match,gator_supply,Will Craft Marc,,
no-match,gator_supply,Bentlin Karoline,,
no-match,gator_supply,Hill,,
no-match,gator_supply,Each,,
no-match,gator_supply,LF,,
no-match,gator_supply,LF,,
no-match,gator_supply,LF,,
no-match,gator_supply,Each,,
no-match,gator_supply,Each,,
no-match,gator_supply,Each,,
no-match,gator_supply,Each,,
no-match,gator_supply,Each,,
no-match,gator_supply,Each,,
no-match,gator_supply,Each,,
no-match,gator_supply,Each,,
no-match,gator_supply,Each,,
no-match,gator_supply,Each,,
no-match,gator_supply,Each,,
no-match,gator_supply,LF,,
no-match,gator_supply,Each,,
no-match,gator_supply,LF,,
no-match,gator_supply,Each,,
no-match,gator_supply,Each,,
no-match,gator_supply,Each,,
no-match,gator_supply,Each,,
no-match,gator_supply,Each,,
no-match,gator_supply,Each,,
no-match,gator_supply,Each,,
no-match,gator_supply,Each,,
no-match,gator_supply,Each,,
no-match,gator_supply,Each,,
no-match,gator_supply,Each,,
no-match,gator_supply,Each,,
no-match,gator_supply,Each,,
no-match,gator_supply,Each,,
no-match,gator_supply,Each,,
no-match,gator_supply,Each,,
no-match,gator_supply,Each,,
no-match,gator_supply,Each,,
no-match,gator_supply,RoofCornice,,
parse-failed,gator_supply,PSCL Ply Clips 250 pieces,,
no-match,gator_supply,Rafter Tails,,
no-match,gator_supply,Scroll Cuts,,
no-match,gator_supply,Exterior Ceilings,,
no-match,gator_supply,Lanai,,
no-match,gator_supply,Front Entry,,
no-match,gator_supply,Structural Framing TBD need ledger layout and,,
no-match,gator_supply,chimney specs,,
parse-failed,gator_supply,2 2x6x16 PT Prime Ledger 1S8,,
parse-failed,gator_supply,2 2x8x16 PT Ledger 2S7 1S7,,
no-match,gator_supply,Interior Framing,,
no-match,gator_supply,Wall Leads,,
no-match,gator_supply,Nailers FurringCeiling Stripping,,
no-match,gator_supply,only stripping rooms without TG Ceilings,,
desc-numeric-heavy,gator_supply,257050,,
desc-numeric-heavy,gator_supply,556800,,
desc-numeric-heavy,gator_supply,829250,,
desc-numeric-heavy,gator_supply,129465,,
desc-numeric-heavy,gator_supply,519284,,
desc-numeric-heavy,gator_supply,529200,,
desc-numeric-heavy,gator_supply,132300,,
desc-numeric-heavy,gator_supply,378000,,
desc-numeric-heavy,gator_supply,436800,,
desc-numeric-heavy,gator_supply,186760,,
desc-numeric-heavy,gator_supply,176256,,
no-match,gator_supply,Each,,
no-match,gator_supply,Window and Door Framing,,
no-match,gator_supply,Garage Bucks,,
no-match,gator_supply,CUSTOMER,,
no-match,gator_supply,QTY,,
no-match,gator_supply,DIM,,
summary-header,gator_supply,DESCRIPTION,,
summary-header,gator_supply,UNIT PRICE,,
summary-header,gator_supply,AMOUNT,,
no-match,gator_supply,Each,,
no-match,gator_supply,Each,,
no-match,gator_supply,Each,,
no-match,gator_supply,Each,,
no-match,gator_supply,Each,,
no-match,gator_supply,Each,,
no-match,gator_supply,Each,,
no-match,gator_supply,Each,,
no-match,gator_supply,Each,,
no-match,gator_supply,Each,,
no-match,gator_supply,Each,,
no-match,gator_supply,Each,,
no-match,gator_supply,Each,,
no-match,gator_supply,Each,,
no-match,gator_supply,Each,,
no-match,gator_supply,Each,,
no-match,gator_supply,Each,,
no-match,gator_supply,Each,,
no-match,gator_supply,Each,,
no-match,gator_supply,Each,,
no-match,gator_supply,Each,,
no-match,gator_supply,Each,,
no-match,gator_supply,Each,,
no-match,gator_supply,Each,,
no-match,gator_supply,LF,,
no-match,gator_supply,LF,,
no-match,gator_supply,LF,,
no-match,gator_supply,LF,,
no-match,gator_supply,LF,,
no-match,gator_supply,LF,,
no-match,gator_supply,LF,,
no-match,gator_supply,LF,,
no-match,gator_supply,LF,,
no-match,gator_supply,LF,,
no-match,gator_supply,LF,,
no-match,gator_supply,LF,,
no-match,gator_supply,Door Bucks,,
no-match,gator_supply,Window Bucks,,
no-match,gator_supply,Door Wraps,,
no-match,gator_supply,Window Wraps,,
no-match,gator_supply,Misc,,
non-scope-keyword,gator_supply,Simpson Hardware Allowance,,
no-match,gator_supply,Smart Vent TrimSleeve,,
parse-failed,gator_supply,Pocket Door Frames 8,,
parse-failed,gator_supply,dado 2x6 wall 12 Drywall,,
parse-failed,gator_supply,dado 2x6 wall 12 Drywall,,
parse-failed,gator_supply,and dado 2x6 wall 12 Drywall,,
parse-failed,gator_supply,dado 2x6 wall 12 Drywall,,
no-match,gator_supply,Soft OpenSoft Close,,
no-match,gator_supply,Millwork,,
no-match,gator_supply,Interior Beams,,
no-match,gator_supply,Living Room,,
parse-failed,gator_supply,Ridge 1,,
parse-failed,gator_supply,Hip Beams 4,,
parse-failed,gator_supply,Intermediate Beams 18,,
no-match,gator_supply,Family Room,,
parse-failed,gator_supply,Ridge 2,,
parse-failed,gator_supply,Hip Beams 4,,
parse-failed,gator_supply,Intermediate Beams 11,,
desc-numeric-heavy,gator_supply,560000,,
desc-numeric-heavy,gator_supply,560000,,
desc-numeric-heavy,gator_supply,183153,,
desc-numeric-heavy,gator_supply,179337,,
desc-numeric-heavy,gator_supply,107520,,
no-match,gator_supply,CUSTOMER,,
no-match,gator_supply,QTY,,
no-match,gator_supply,DIM,,
summary-header,gator_supply,DESCRIPTION,,
summary-header,gator_supply,UNIT PRICE,,
summary-header,gator_supply,AMOUNT,,
no-match,gator_supply,LF,,
no-match,gator_supply,LF,,
no-match,gator_supply,LF,,
no-match,gator_supply,LF,,
no-match,gator_supply,Each,,
no-match,gator_supply,LF,,
no-match,gator_supply,Each,,
no-match,gator_supply,LF,,
no-match,gator_supply,LF,,
no-match,gator_supply,Each,,
no-match,gator_supply,LF,,
no-match,gator_supply,Each,,
no-match,gator_supply,LF,,
no-match,gator_supply,LF,,
no-match,gator_supply,Each,,
no-match,gator_supply,LF,,
no-match,gator_supply,LF,,
parse-failed,gator_supply,Ridge 1,,
parse-failed,gator_supply,Intermediate Beams 8,,
non-scope-keyword,gator_supply,Set Up Fee,,
no-match,gator_supply,Crown,,
non-scope-keyword,gator_supply,Knife Fee,,
no-match,gator_supply,and Mudroom Vestibule,,
non-scope-keyword,gator_supply,Knife Fee,,
no-match,gator_supply,Baseboard Does not include Garage,,
non-scope-keyword,gator_supply,Knife Fee,,
parse-failed,gator_supply,Interior Door Trim 23,,
no-match,gator_supply,Casing,,
non-scope-keyword,gator_supply,Knife Fee,,
parse-failed,gator_supply,Exterior Door Trim 10,,
no-match,gator_supply,Casing,,
no-match,gator_supply,LF,,
parse-failed,gator_supply,Pocket Stops 8,,
no-match,gator_supply,LF,,
no-match,gator_supply,LF,,
no-match,gator_supply,Each,,
no-match,gator_supply,LF,,
no-match,gator_supply,LF,,
no-match,gator_supply,LF,,
no-match,gator_supply,LF,,
no-match,gator_supply,LF,,
no-match,gator_supply,LF,,
no-match,gator_supply,LF,,
parse-failed,gator_supply,Cased Openings 8,,
no-match,gator_supply,Casing,,
no-match,gator_supply,Jambs,,
parse-failed,gator_supply,Window Trim 33,,
no-match,gator_supply,Casing,,
no-match,gator_supply,Sill,,
no-match,gator_supply,Apron,,
desc-numeric-heavy,gator_supply,380890,,
desc-numeric-heavy,gator_supply,192000,,
desc-numeric-heavy,gator_supply,603520,,
desc-numeric-heavy,gator_supply,205440,,
desc-numeric-heavy,gator_supply,162640,,
desc-numeric-heavy,gator_supply,115680,,
no-match,gator_supply,CUSTOMER,,
no-match,gator_supply,QTY,,
no-match,gator_supply,DIM,,
summary-header,gator_supply,DESCRIPTION,,
summary-header,gator_supply,UNIT PRICE,,
summary-header,gator_supply,AMOUNT,,
no-match,gator_supply,Each,,
no-match,gator_supply,LF,,
no-match,gator_supply,LF,,
gt-max-1000000.0,gator_supply,20 Min,,
no-match,gator_supply,LF,,
no-match,gator_supply,PH,,
no-match,gator_supply,PH,,
no-match,gator_supply,PH,,
no-match,gator_supply,PH,,
no-match,gator_supply,PH,,
non-scope-keyword,gator_supply,Flex Mould 1 Allowance Window F,,
non-scope-keyword,gator_supply,Tooling Fee 1x6 Flex Extension Jamb Flex Casing w,,
no-match,gator_supply,backband,,
desc-numeric-heavy,gator_supply,160000,,
desc-numeric-heavy,gator_supply,160000,,
no-match,gator_supply,Extension Jambs,,
parse-failed,gator_supply,Interior Doors 23,,
gt-max-1000000.0,gator_supply,Fire 20 min 1,,
gt-max-1000000.0,gator_supply,Panel QR Quarter Round Sticking Pre Hung 20 min SR,,
parse-failed,gator_supply,Jamb 458 Adjustable Aluminum Mill Finish Sill 1279,,
no-match,gator_supply,Weather Stripping Stnd DBL Bore RH IS,,
parse-failed,gator_supply,Prehung 10,,
parse-failed,gator_supply,Quarter Round Sticking Pre Hung Pop Jamb 658 Pop,,
parse-failed,gator_supply,Stop 12x112 OG 1279 PC SQ Butt Hinge Stnd Bore,,
desc-numeric-heavy,gator_supply,121124,,
parse-failed,gator_supply,Quarter Round Sticking Pre Hung Pop Jamb 658 Pop,,
parse-failed,gator_supply,Stop 12x112 OG 1279 PC SQ Butt Hinge Stnd Bore,,
desc-numeric-heavy,gator_supply,115116132134,,
parse-failed,gator_supply,Quarter Round Sticking Pre Hung Pop Jamb 458 Pop,,
parse-failed,gator_supply,Stop 12x112 OG 1279 PC SQ Butt Hinge Stnd Bore,,
desc-numeric-heavy,gator_supply,101640,,
desc-numeric-heavy,gator_supply,147010,,
desc-numeric-heavy,gator_supply,107304,,
desc-numeric-heavy,gator_supply,107304,,
desc-numeric-heavy,gator_supply,147466,,
desc-numeric-heavy,gator_supply,291740,,
parse-failed,gator_supply,Quarter Round Sticking Pre Hung Pop Jamb 658 Pop,,
parse-failed,gator_supply,Stop 12x112 OG 1279 PC SQ Butt Hinge Stnd Bore,,
parse-failed,gator_supply,Quarter Round Sticking Pre Hung Pop Jamb 458 Pop,,
parse-failed,gator_supply,Stop 12x112 OG 1279 PC SQ Butt Hinge Stnd Bore,,
desc-numeric-heavy,gator_supply,142390,,
desc-numeric-heavy,gator_supply,127135,,
parse-failed,gator_supply,BiHinge 4,,
parse-failed,gator_supply,Panel QR Quarter Round Sticking Pre Hung Pop Jamb 4,,
no-match,gator_supply,No Bore No Tast Ball Catch,,
desc-numeric-heavy,gator_supply,117126130,,
parse-failed,gator_supply,Panel QR Quarter Round Sticking Pre Hung Pop Jamb 6,,
no-match,gator_supply,No Bore No Tast Ball Catch,,
parse-failed,gator_supply,Pocket 8,,
no-match,gator_supply,Quarter Round Sticking with LVL Stile and Top Wedge,,
no-match,gator_supply,slab only,,
desc-numeric-heavy,gator_supply,114129131,,
no-match,gator_supply,Quarter Round Sticking with LVL Stile and Top Wedge,,
no-match,gator_supply,slab only,,
no-match,gator_supply,Quarter Round Sticking with LVL Stile and Top Wedge,,
no-match,gator_supply,slab only,,
no-match,gator_supply,BiHinge,,
no-match,gator_supply,BiHinge,,
no-match,gator_supply,Pocket,,
no-match,gator_supply,Pocket,,
no-match,gator_supply,Pocket,,
desc-numeric-heavy,gator_supply,127600,,
desc-numeric-heavy,gator_supply,382800,,
desc-numeric-heavy,gator_supply,130880,,
desc-numeric-heavy,gator_supply,130880,,
desc-numeric-heavy,gator_supply,185526,,
no-match,gator_supply,CUSTOMER,,
no-match,gator_supply,QTY,,
no-match,gator_supply,DIM,,
summary-header,gator_supply,DESCRIPTION,,
summary-header,gator_supply,UNIT PRICE,,
summary-header,gator_supply,AMOUNT,,
no-match,gator_supply,Pocket,,
no-match,gator_supply,Quarter Round Sticking with LVL Stile and Top Wedge,,
no-match,gator_supply,slab only,,
desc-numeric-heavy,gator_supply,118122123,,
parse-failed,gator_supply,Transoms 2 Cased Openings Foyer N S,,
no-match,gator_supply,Each,,
no-match,gator_supply,Sticking Wrapped and Assemebled,,
no-match,gator_supply,This is just an estimate for materials on hand that best represent the materials,,
no-match,gator_supply,specified on the plans so quanties and materials can change if contractor or,,
no-match,gator_supply,homeowner prefer a different quality material in lieu of what has been estimated for,,
summary-header,gator_supply,submittal due to continually changing vendor prices and tarriffs,,
desc-numeric-heavy,gator_supply,177261,,
desc-numeric-heavy,gator_supply,132603,,
desc-numeric-heavy,gator_supply,265206,,
summary-header,gator_supply,SUBTOTAL,,
non-scope-keyword,gator_supply,TAX RATE,,
non-scope-keyword,gator_supply,SALES TAX,,
no-match,gator_supply,OTHER,,
desc-numeric-heavy,gator_supply,11786983,,
desc-numeric-heavy,gator_supply,825089,,
summary-header,gator_supply,TOTAL,,
desc-numeric-heavy,gator_supply,12612072,,
no-match,gator_supply,AUTHORIZED REP,,
